<?xml version = "1.0"?>
<apartments>
   <apartment ID = "199">
      <apartmentname>Diamond</apartmentname>
      <price>150</price>
      <startdate>100320</startdate>
      <enddate>200320</enddate>
	  <maxguests>5</maxguests>
	  <numberbeds>3</numberbeds>
	  <numberbaths>5</numberbaths>
	  <livingroom>yes</livingroom>
   </apartment>
   
   <apartment ID = "411">
      <apartmentname>Sapphire</apartmentname>
      <price>250</price>
      <startdate>200520</startdate>
      <enddate>300520</enddate>
	  <maxguests>4</maxguests>
	  <numberbeds>4</numberbeds>
	  <numberbaths>2</numberbaths>
	  <livingroom>yes</livingroom>
   </apartment>

   <apartment ID = "493">
      <apartmentname>Ruby</apartmentname>
      <price>250</price>
      <startdate>010520</startdate>
      <enddate>100520</enddate>
	  <maxguests>6</maxguests>
	  <numberbeds>4</numberbeds>
	  <numberbaths>2</numberbaths>
	  <livingroom>yes</livingroom>
   </apartment>

   <apartment ID = "423">
      <apartmentname>Emerald</apartmentname>
      <price>150</price>
      <startdate>050520</startdate>
      <enddate>150520</enddate>
	  <maxguests>4</maxguests>
	  <numberbeds>3</numberbeds>
	  <numberbaths>2</numberbaths>
	  <livingroom>yes</livingroom>
   </apartment>

   <apartment ID = "223">
      <apartmentname>Opal</apartmentname>
      <price>150</price>
      <startdate>250520</startdate>
      <enddate>500620</enddate>
	  <maxguests>4</maxguests>
	  <numberbeds>3</numberbeds>
	  <numberbaths>2</numberbaths>
	  <livingroom>yes</livingroom>
   </apartment>

   <apartment ID = "663">
      <apartmentname>Aquamarine</apartmentname>
      <price>300</price>
      <startdate>100520</startdate>
      <enddate>200520</enddate>
	  <maxguests>8</maxguests>
	  <numberbeds>4</numberbeds>
	  <numberbaths>4</numberbaths>
	  <livingroom>yes</livingroom>
   </apartment>

   <apartment ID = "445">
      <apartmentname>Topaz</apartmentname>
      <price>300</price>
      <startdate>010520</startdate>
      <enddate>100520</enddate>
	  <maxguests>8</maxguests>
	  <numberbeds>6</numberbeds>
	  <numberbaths>4</numberbaths>
	  <livingroom>yes</livingroom>
   </apartment>

   <apartment ID = "123">
      <apartmentname>Peridot</apartmentname>
      <price>25</price>
      <startdate>050520</startdate>
      <enddate>100520</enddate>
	  <maxguests>2</maxguests>
	  <numberbeds>1</numberbeds>
	  <numberbaths>1</numberbaths>
	  <livingroom>No</livingroom>
   </apartment>

   <apartment ID = "919">
      <apartmentname>Amethyst</apartmentname>
      <price>111</price>
      <startdate>150520</startdate>
      <enddate>250520</enddate>
	  <maxguests>6</maxguests>
	  <numberbeds>3</numberbeds>
	  <numberbaths>3</numberbaths>
	  <livingroom>yes</livingroom>
   </apartment>

   <apartment ID = "623">
      <apartmentname>Alexandrite</apartmentname>
      <price>59</price>
      <startdate>160520</startdate>
      <enddate>260520</enddate>
	  <maxguests>4</maxguests>
	  <numberbeds>2</numberbeds>
	  <numberbaths>3</numberbaths>
	  <livingroom>yes</livingroom>
   </apartment>
 </apartments>

